"","Date","Run","Channel","Filename","pH","Lpc","Leq","Lz","filetype"
"1","3/16/2023",1,"C2","SDR_799_resp_Plate1.csv",7,0.001322651,0.000980245,0.001183663,"SDR_data"
"2","3/16/2023",1,"D1","SDR_799_resp_Plate1.csv",7,0.001140314,0.001141818,0.001057666,"SDR_data"
"3","3/16/2023",1,"D1","SDR_979_resp_Plate3.csv",7,-0.00265301,-0.00265301,-0.003091543,"SDR_data"
"4","3/16/2023",1,"D3","SDR_873_resp_Plate2.csv",7,-0.004417647,-0.007133465,-0.007133465,"SDR_data"
"5","3/16/2023",1,"D4","SDR_873_resp_Plate2.csv",7,-0.007528071,-0.008680846,-0.008234474,"SDR_data"
"6","3/16/2023",1,"D4","SDR_979_resp_Plate3.csv",7,-0.004845212,-0.004845212,-0.007279842,"SDR_data"
"7","3/16/2023",1,"A5","SDR_979_resp_Plate3.csv",7.5,-0.001150786,-0.000309272,-0.000309272,"SDR_data"
"8","3/16/2023",1,"B3","SDR_799_resp_Plate1.csv",7.5,-0.004304125,-0.002382979,-0.002333756,"SDR_data"
"9","3/16/2023",1,"B5","SDR_979_resp_Plate3.csv",7.5,-0.001718962,-0.001718962,-0.002682176,"SDR_data"
"10","3/16/2023",1,"B6","SDR_873_resp_Plate2.csv",7.5,-0.00568202,-0.005287288,-0.004750871,"SDR_data"
"11","3/16/2023",1,"C5","SDR_873_resp_Plate2.csv",7.5,-0.012188636,-0.012188636,-0.005876671,"SDR_data"
"12","3/16/2023",1,"D3","SDR_799_resp_Plate1.csv",7.5,-0.003919416,-0.002705828,-0.002569338,"SDR_data"
"13","3/16/2023",1,"A4","SDR_799_resp_Plate1.csv",8,-0.001630291,-0.001851128,-0.002769767,"SDR_data"
"14","3/16/2023",1,"A6","SDR_873_resp_Plate2.csv",8,-0.004564539,-0.005468038,-0.005468038,"SDR_data"
"15","3/16/2023",1,"C6","SDR_873_resp_Plate2.csv",8,-0.00704647,-0.006655383,-0.008913168,"SDR_data"
"16","3/16/2023",1,"D3","SDR_979_resp_Plate3.csv",8,0.000282227,0.000282227,0.000565587,"SDR_data"
"17","3/16/2023",1,"D4","SDR_799_resp_Plate1.csv",8,-0.00953377,-0.009535488,-0.009535488,"SDR_data"
"18","3/16/2023",1,"D5","SDR_979_resp_Plate3.csv",8,-0.008376815,-0.005527347,-0.005527347,"SDR_data"
"19","4/12/2023",1,"A3","SDR_799_resp_Plate1.csv",7,-0.022332461,-0.022298206,-0.022030853,"SDR_data"
"20","4/12/2023",1,"A4","SDR_979_resp_Plate3.csv",7,-0.013909127,-0.014188058,-0.013885609,"SDR_data"
"21","4/12/2023",1,"B4","SDR_799_resp_Plate1.csv",7,-0.005591218,-0.00560011,-0.006032648,"SDR_data"
"22","4/12/2023",1,"C5","SDR_873_resp_Plate2.csv",7,-0.018082083,-0.017235475,-0.017235475,"SDR_data"
"23","4/12/2023",1,"D1","SDR_979_resp_Plate3.csv",7,-0.015372445,-0.015361798,-0.015361798,"SDR_data"
"24","4/12/2023",1,"D5","SDR_873_resp_Plate2.csv",7,-0.021024673,-0.020797813,-0.020797813,"SDR_data"
"25","4/12/2023",1,"A1","SDR_979_resp_Plate3.csv",7.5,-0.013155256,-0.013144323,-0.013144323,"SDR_data"
"26","4/12/2023",1,"B2","SDR_979_resp_Plate3.csv",7.5,-0.01455417,-0.01451746,-0.014857143,"SDR_data"
"27","4/12/2023",1,"B4","SDR_979_resp_Plate3.csv",7.5,-0.01381978,-0.014681097,-0.014681097,"SDR_data"
"28","4/12/2023",1,"C4","SDR_799_resp_Plate1.csv",7.5,-0.016908998,-0.016931365,-0.016931365,"SDR_data"
"29","4/12/2023",1,"C5","SDR_799_resp_Plate1.csv",7.5,-0.016856382,-0.016856382,-0.01750377,"SDR_data"
"30","4/12/2023",1,"D2","SDR_979_resp_Plate3.csv",7.5,-0.006558652,-0.006580799,-0.006610332,"SDR_data"
"31","4/12/2023",1,"A6","SDR_979_resp_Plate3.csv",8,-0.015625027,-0.015625027,-0.015877758,"SDR_data"
"32","4/12/2023",1,"B6","SDR_799_resp_Plate1.csv",8,-0.021914207,-0.021835412,-0.021710387,"SDR_data"
"33","4/12/2023",1,"C6","SDR_873_resp_Plate2.csv",8,-0.039808436,-0.039808436,-0.03627631,"SDR_data"
"34","4/12/2023",1,"D4","SDR_873_resp_Plate2.csv",8,-0.006906691,-0.007098455,-0.006847321,"SDR_data"
"35","4/12/2023",1,"D4","SDR_979_resp_Plate3.csv",8,-0.006325414,-0.006325414,-0.00634594,"SDR_data"
"36","4/12/2023",1,"D6","SDR_799_resp_Plate1.csv",8,-0.018466071,-0.018466071,-0.019012453,"SDR_data"
"37","4/20/2022",1,"A5","RR_4.20.22_resp_Plate1.csv",7,0.000526934,0.000526934,0.001776472,"SDR_data"
"38","4/20/2022",1,"C4","RR_4.20.22_resp_Plate1.csv",7,-7.38e-05,0.000317696,0.000317696,"SDR_data"
"39","4/20/2022",2,"B2","RR_4.20.22_resp_Plate2.csv",7,3.11e-05,-0.000267909,-0.000580028,"SDR_data"
"40","4/20/2022",2,"C6","RR_4.20.22_resp_Plate2.csv",7,-0.000323576,-9.37e-05,0.000687495,"SDR_data"
"41","4/20/2022",3,"C2","RR_4.20.22_resp_Plate3.csv",7,0.001468839,0.001468839,0.001468839,"SDR_data"
"42","4/20/2022",3,"C6","RR_4.20.22_resp_Plate3.csv",7,0.000852647,0.000791422,0.000791422,"SDR_data"
"43","4/20/2022",1,"B2","RR_4.20.22_resp_Plate1.csv",7.5,0.000353298,0.000237888,0.00021363,"SDR_data"
"44","4/20/2022",1,"C1","RR_4.20.22_resp_Plate1.csv",7.5,1.24e-05,0.00027885,0.00027885,"SDR_data"
"45","4/20/2022",2,"A4","RR_4.20.22_resp_Plate2.csv",7.5,-0.000387641,-0.000124766,-0.000124766,"SDR_data"
"46","4/20/2022",2,"D4","RR_4.20.22_resp_Plate2.csv",7.5,-0.000158659,9.21e-05,-5.62e-05,"SDR_data"
"47","4/20/2022",3,"A4","RR_4.20.22_resp_Plate3.csv",7.5,0.001108034,0.001149116,0.001160534,"SDR_data"
"48","4/20/2022",3,"C4","RR_4.20.22_resp_Plate3.csv",7.5,0.001216551,0.00121829,0.00137845,"SDR_data"
"49","4/20/2022",1,"B6","RR_4.20.22_resp_Plate1.csv",8,-0.000123673,-9.78e-05,0.000813022,"SDR_data"
"50","4/20/2022",1,"C6","RR_4.20.22_resp_Plate1.csv",8,0.000369628,0.00029388,-0.000575126,"SDR_data"
"51","4/20/2022",2,"B5","RR_4.20.22_resp_Plate2.csv",8,-0.000774978,-0.000828673,-0.000828673,"SDR_data"
"52","4/20/2022",2,"C3","RR_4.20.22_resp_Plate2.csv",8,0.000993226,0.000361674,0.000361674,"SDR_data"
"53","4/20/2022",3,"B3","RR_4.20.22_resp_Plate3.csv",8,0.00121991,0.00121991,0.00121991,"SDR_data"
"54","4/20/2022",3,"D1","RR_4.20.22_resp_Plate3.csv",8,0.000955659,0.000927007,0.000931012,"SDR_data"
"55","4/21/2023",1,"B1","SDR_873_resp_Plate2.csv",7,-0.002307797,-0.002307797,-0.003307612,"SDR_data"
"56","4/21/2023",1,"C2","SDR_979_resp_Plate3.csv",7,-0.005406272,-0.004818681,-0.004818681,"SDR_data"
"57","4/21/2023",1,"C5","SDR_979_resp_Plate3.csv",7,-0.004101871,-0.004910712,-0.004910712,"SDR_data"
"58","4/21/2023",1,"D4","SDR_799_resp_Plate1.csv",7,-8.04e-05,-0.000610842,-0.000610842,"SDR_data"
"59","4/21/2023",1,"D5","SDR_873_resp_Plate2.csv",7,-0.00304254,-0.003016825,-0.003525869,"SDR_data"
"60","4/21/2023",1,"D6","SDR_799_resp_Plate1.csv",7,-0.000334836,-0.000173803,0.000262207,"SDR_data"
"61","4/21/2023",1,"A4","SDR_873_resp_Plate2.csv",7.5,-0.001624398,-0.001624398,-0.001461509,"SDR_data"
"62","4/21/2023",1,"A6","SDR_979_resp_Plate3.csv",7.5,-0.002485617,-0.002351648,-0.002351648,"SDR_data"
"63","4/21/2023",1,"B3","SDR_873_resp_Plate2.csv",7.5,-0.002802453,-0.002802329,-0.002309229,"SDR_data"
"64","4/21/2023",1,"B4","SDR_799_resp_Plate1.csv",7.5,-0.000256475,-0.000285349,-0.000285349,"SDR_data"
"65","4/21/2023",1,"C3","SDR_979_resp_Plate3.csv",7.5,-0.004259498,-0.004261369,-0.004088205,"SDR_data"
"66","4/21/2023",1,"C5","SDR_799_resp_Plate1.csv",7.5,-0.000215647,-8.29e-05,0.000207814,"SDR_data"
"67","4/21/2023",1,"B4","SDR_979_resp_Plate3.csv",8,-0.003109971,-0.002816829,-0.002912433,"SDR_data"
"68","4/21/2023",1,"B6","SDR_799_resp_Plate1.csv",8,-0.000446558,-0.000446558,-0.000692994,"SDR_data"
"69","4/21/2023",1,"C6","SDR_799_resp_Plate1.csv",8,0.000109234,-1.21e-06,-1.21e-06,"SDR_data"
"70","4/21/2023",1,"C6","SDR_873_resp_Plate2.csv",8,-0.003752469,-0.003752469,-0.005529753,"SDR_data"
"71","4/21/2023",1,"D3","SDR_979_resp_Plate3.csv",8,-0.003486579,-0.003383624,-0.003853846,"SDR_data"
"72","4/21/2023",1,"D4","SDR_873_resp_Plate2.csv",8,-0.002714951,-0.002549134,-0.002327994,"SDR_data"
"73","4/22/2022",1,"C4","RR_4.22.22_resp_Plate1.csv",7,-0.003706301,-0.002422711,-0.002268186,"SDR_data"
"74","4/22/2022",1,"D3","RR_4.22.22_resp_Plate1.csv",7,-0.008881075,-0.009172119,-0.008835525,"SDR_data"
"75","4/22/2022",2,"B4","RR_4.22.22_resp_Plate2.csv",7,-0.008923226,-0.00898609,-0.009328495,"SDR_data"
"76","4/22/2022",2,"B6","RR_4.22.22_resp_Plate2.csv",7,-0.009790029,-0.009850377,-0.009850377,"SDR_data"
"77","4/22/2022",3,"A5","RR_4.22.22_resp_Plate3.csv",7,-0.009884872,-0.009251852,-0.008930069,"SDR_data"
"78","4/22/2022",3,"D5","RR_4.22.22_resp_Plate3.csv",7,-0.009999757,-0.010136149,-0.010136149,"SDR_data"
"79","4/22/2022",1,"A4","RR_4.22.22_resp_Plate1.csv",7.5,-0.00244566,-0.002226488,-0.002087347,"SDR_data"
"80","4/22/2022",1,"C2","RR_4.22.22_resp_Plate1.csv",7.5,0.000462947,-0.00018533,-0.00018533,"SDR_data"
"81","4/22/2022",2,"A4","RR_4.22.22_resp_Plate2.csv",7.5,-0.006689289,-0.006943057,-0.006943057,"SDR_data"
"82","4/22/2022",2,"D5","RR_4.22.22_resp_Plate2.csv",7.5,-0.014932678,-0.014932678,-0.015734825,"SDR_data"
"83","4/22/2022",3,"C4","RR_4.22.22_resp_Plate3.csv",7.5,-0.01738458,-0.017202296,-0.017202296,"SDR_data"
"84","4/22/2022",3,"C6","RR_4.22.22_resp_Plate3.csv",7.5,-0.009771041,-0.009771041,-0.009881352,"SDR_data"
"85","4/22/2022",1,"B3","RR_4.22.22_resp_Plate1.csv",8,-0.007134447,-0.00612372,-0.00612372,"SDR_data"
"86","4/22/2022",1,"B5","RR_4.22.22_resp_Plate1.csv",8,-0.00076576,-0.000708163,-0.000708163,"SDR_data"
"87","4/22/2022",1,"D1","RR_4.22.22_resp_Plate1.csv",8,-0.013033946,-0.013033946,-0.014370455,"SDR_data"
"88","4/22/2022",2,"C5","RR_4.22.22_resp_Plate2.csv",8,-0.000705709,-0.000518326,-0.000518326,"SDR_data"
"89","4/22/2022",2,"D3","RR_4.22.22_resp_Plate2.csv",8,-0.014305025,-0.01457307,-0.014473407,"SDR_data"
"90","4/22/2022",3,"B1","RR_4.22.22_resp_Plate3.csv",8,-0.00289308,-0.00289308,-0.00289308,"SDR_data"
"91","4/22/2022",3,"D2","RR_4.22.22_resp_Plate3.csv",8,-0.002955108,-0.002986732,-0.002986732,"SDR_data"
"92","4/7/2023",1,"C2","SDR_873_resp_Plate2.csv",7,-0.019454858,-0.019454858,-0.019102597,"SDR_data"
"93","4/7/2023",1,"C5","SDR_799_resp_Plate1.csv",7,-0.009134414,-0.009683959,-0.007287282,"SDR_data"
"94","4/7/2023",1,"C5","SDR_979_resp_Plate3.csv",7,-0.017699099,-0.017699099,-0.017699099,"SDR_data"
"95","4/7/2023",1,"C6","SDR_979_resp_Plate3.csv",7,-0.007063866,-0.007628483,-0.007628483,"SDR_data"
"96","4/7/2023",1,"D2","SDR_873_resp_Plate2.csv",7,-0.015668449,-0.01577121,-0.015533333,"SDR_data"
"97","4/7/2023",1,"D6","SDR_799_resp_Plate1.csv",7,-0.003431376,-0.003457542,-0.003525485,"SDR_data"
"98","4/7/2023",1,"A2","SDR_799_resp_Plate1.csv",7.5,-0.013081517,-0.013747209,-0.013596811,"SDR_data"
"99","4/7/2023",1,"B6","SDR_979_resp_Plate3.csv",7.5,-0.017129445,-0.017129445,-0.016919481,"SDR_data"
"100","4/7/2023",1,"C5","SDR_873_resp_Plate2.csv",7.5,-0.019244818,-0.019143522,-0.019375188,"SDR_data"
"101","4/7/2023",1,"D3","SDR_979_resp_Plate3.csv",7.5,-0.013129132,-0.011833333,-0.011833333,"SDR_data"
"102","4/7/2023",1,"D4","SDR_873_resp_Plate2.csv",7.5,-0.007233972,-0.007364615,-0.007364615,"SDR_data"
"103","4/7/2023",1,"B6","SDR_799_resp_Plate1.csv",8,-0.006278009,-0.006278009,-0.00640666,"SDR_data"
"104","4/7/2023",1,"C3","SDR_799_resp_Plate1.csv",8,-0.012899825,-0.012156834,-0.012156834,"SDR_data"
"105","4/7/2023",1,"C3","SDR_979_resp_Plate3.csv",8,-0.013607792,-0.013361654,-0.013732843,"SDR_data"
"106","4/7/2023",1,"D3","SDR_873_resp_Plate2.csv",8,-0.018249826,-0.018537247,-0.018901504,"SDR_data"
"107","4/7/2023",1,"D6","SDR_873_resp_Plate2.csv",8,-0.006223988,-0.006057821,-0.006057821,"SDR_data"
"108","4/7/2023",1,"D6","SDR_979_resp_Plate3.csv",8,-0.00862069,-0.008424675,-0.008424675,"SDR_data"
"109","5/18/2023",1,"A1","SDR_799_resp_Plate1.csv",7,0.002886466,0.002848352,0.002848352,"SDR_data"
"110","5/18/2023",1,"A2","SDR_799_resp_Plate3.csv",7,0.000407143,0.000407143,-0.000145055,"SDR_data"
"111","5/18/2023",1,"A4","SDR_873_resp_Plate2.csv",7,0.003164835,0.003709091,0.003024242,"SDR_data"
"112","5/18/2023",1,"B6","SDR_799_resp_Plate3.csv",7,5.74e-05,-0.000335664,-0.000335664,"SDR_data"
"113","5/18/2023",1,"C2","SDR_799_resp_Plate1.csv",7,0.003705195,0.003705195,0.004472727,"SDR_data"
"114","5/18/2023",1,"C2","SDR_873_resp_Plate2.csv",7,0.005753846,0.005190909,0.005190909,"SDR_data"
"115","5/18/2023",1,"C4","SDR_799_resp_Plate3.csv",7,-0.000791209,8.39e-05,8.39e-05,"SDR_data"
"116","5/18/2023",1,"D6","SDR_799_resp_Plate1.csv",7,0.002875325,0.002472727,0.002472727,"SDR_data"
"117","5/18/2023",1,"D6","SDR_873_resp_Plate2.csv",7,0.001153767,0.001927273,0.001927273,"SDR_data"
"118","5/18/2023",1,"A2","SDR_799_resp_Plate1.csv",7.5,0.004132353,0.003175758,0.003175758,"SDR_data"
"119","5/18/2023",1,"A4","SDR_799_resp_Plate3.csv",7.5,0.003594406,0.003763636,0.001818182,"SDR_data"
"120","5/18/2023",1,"A6","SDR_799_resp_Plate1.csv",7.5,0.004080495,0.004608392,0.004608392,"SDR_data"
"121","5/18/2023",1,"B1","SDR_799_resp_Plate1.csv",7.5,0.004142157,0.003496503,0.003496503,"SDR_data"
"122","5/18/2023",1,"B1","SDR_873_resp_Plate2.csv",7.5,-0.002485965,-0.00370303,-0.00370303,"SDR_data"
"123","5/18/2023",1,"B6","SDR_873_resp_Plate2.csv",7.5,0.001687307,-0.002,-0.002,"SDR_data"
"124","5/18/2023",1,"C4","SDR_873_resp_Plate2.csv",7.5,0.001784314,0.00175,0.00175,"SDR_data"
"125","5/18/2023",1,"D1","SDR_799_resp_Plate3.csv",7.5,0.003137662,0.003961538,0.003961538,"SDR_data"
"126","5/18/2023",1,"D6","SDR_799_resp_Plate3.csv",7.5,0.000575,0.000307692,0.000307692,"SDR_data"
"127","5/18/2023",1,"A2","SDR_873_resp_Plate2.csv",8,-1.07e-05,-1.07e-05,-1.07e-05,"SDR_data"
"128","5/18/2023",1,"B3","SDR_799_resp_Plate3.csv",8,0.003254545,-0.001781818,-0.001781818,"SDR_data"
"129","5/18/2023",1,"B4","SDR_799_resp_Plate1.csv",8,0.004599587,0.004151515,0.004729412,"SDR_data"
"130","5/18/2023",1,"B5","SDR_873_resp_Plate2.csv",8,-0.00120098,-0.002178571,-0.002178571,"SDR_data"
"131","5/18/2023",1,"C1","SDR_799_resp_Plate3.csv",8,-0.000762338,-0.000789474,-0.000789474,"SDR_data"
"132","5/18/2023",1,"C5","SDR_799_resp_Plate1.csv",8,0.004970588,0.005236364,0.005236364,"SDR_data"
"133","5/18/2023",1,"D3","SDR_799_resp_Plate1.csv",8,0.000205882,0.000205882,0.000377622,"SDR_data"
"134","5/18/2023",1,"D3","SDR_873_resp_Plate2.csv",8,-0.002585294,-0.002585294,-0.005084848,"SDR_data"
"135","5/18/2023",1,"D5","SDR_799_resp_Plate3.csv",8,1.98e-05,-0.00032967,-0.00032967,"SDR_data"
"136","8/24/2022",1,"A2","SDR_873_resp_Plate2.csv",7.5,0.000266267,0.000475305,0.000300742,"SDR_data"
"137","8/24/2022",1,"A5","SDR_799_resp_Plate1.csv",7.5,0.001256515,0.001256515,0.001653573,"SDR_data"
"138","8/24/2022",1,"B2","SDR_979_resp_Plate3.csv",7.5,-0.000973913,-0.000869766,-0.000955294,"SDR_data"
"139","8/24/2022",1,"B4","SDR_979_resp_Plate3.csv",7.5,0.000206719,0.000206719,0.000206719,"SDR_data"
"140","8/24/2022",1,"B5","SDR_873_resp_Plate2.csv",7.5,-0.000338593,-0.000344842,-0.00031609,"SDR_data"
"141","8/24/2022",1,"B6","SDR_979_resp_Plate3.csv",7.5,-0.00024324,-0.000157516,-0.000157516,"SDR_data"
"142","8/24/2022",1,"C4","SDR_979_resp_Plate3.csv",7.5,-0.000314538,1.87e-05,1.87e-05,"SDR_data"
"143","8/24/2022",1,"C5","SDR_979_resp_Plate3.csv",7.5,-7.63e-05,-6.53e-05,-6.53e-05,"SDR_data"
"144","8/24/2022",1,"C6","SDR_799_resp_Plate1.csv",7.5,0.000886357,0.001470073,0.001470073,"SDR_data"
"145","8/24/2022",1,"D1","SDR_979_resp_Plate3.csv",7.5,0.000217635,0.000192176,0.000192176,"SDR_data"
"146","8/24/2022",1,"D2","SDR_873_resp_Plate2.csv",7.5,0.000251904,0.000251271,0.00034595,"SDR_data"
"147","8/24/2022",1,"D4","SDR_799_resp_Plate1.csv",7.5,0.000822412,0.000587904,0.000587904,"SDR_data"
"148","8/24/2022",1,"A3","SDR_873_resp_Plate2.csv",8,0.000133885,0.000133885,0.001032566,"SDR_data"
"149","8/24/2022",1,"A3","SDR_979_resp_Plate3.csv",8,-0.000383327,-0.000223218,-0.000223218,"SDR_data"
"150","8/24/2022",1,"A4","SDR_979_resp_Plate3.csv",8,-0.000334024,0.000340349,0.000340349,"SDR_data"
"151","8/24/2022",1,"A6","SDR_979_resp_Plate3.csv",8,-0.00032381,-0.000472949,-0.00052779,"SDR_data"
"152","8/24/2022",1,"B3","SDR_799_resp_Plate1.csv",8,0.002188313,-0.002229021,-0.001569105,"SDR_data"
"153","8/24/2022",1,"B5","SDR_799_resp_Plate1.csv",8,0.002365863,0.002253416,0.001533349,"SDR_data"
"154","8/24/2022",1,"B5","SDR_979_resp_Plate3.csv",8,7.47e-05,3.68e-05,-0.001058824,"SDR_data"
"155","8/24/2022",1,"B6","SDR_873_resp_Plate2.csv",8,0.000414104,0.000411735,0.001032149,"SDR_data"
"156","8/24/2022",1,"C3","SDR_979_resp_Plate3.csv",8,-0.000703732,-0.000703732,-0.000392897,"SDR_data"
"157","8/24/2022",1,"C4","SDR_799_resp_Plate1.csv",8,0.000796849,0.000490884,0.002770852,"SDR_data"
"158","8/24/2022",1,"C5","SDR_873_resp_Plate2.csv",8,0.000338364,0.000321363,0.000321363,"SDR_data"
"159","8/24/2022",1,"D2","SDR_979_resp_Plate3.csv",8,-0.00016458,-8.13e-05,0.000642423,"SDR_data"
"160","8/24/2022",1,"D3","SDR_979_resp_Plate3.csv",8,-0.000816432,-0.000356394,-0.000356394,"SDR_data"
"161","8/29/2022",1,"A6","SDR_799_resp_Plate1.csv",8,-0.000647025,-1.27e-05,0.000173121,"SDR_data"
"162","8/29/2022",1,"B6","SDR_799_resp_Plate1.csv",8,0.000152545,9.15e-06,-0.000433133,"SDR_data"
"163","8/29/2022",1,"C6","SDR_799_resp_Plate1.csv",8,6.54e-06,6.54e-06,-0.000584687,"SDR_data"
"164","8/29/2022",1,"D6","SDR_799_resp_Plate1.csv",8,-0.000815995,-0.000823661,-0.000823661,"SDR_data"
"165","8/30/2022",1,"A4","SDR_873_resp_Plate2.csv",7.5,-0.021279677,-0.018067618,-0.017119062,"SDR_data"
"166","8/30/2022",1,"A5","SDR_873_resp_Plate2.csv",7.5,-0.015407953,-0.016755161,-0.01670685,"SDR_data"
"167","8/30/2022",1,"A6","SDR_799_resp_Plate1.csv",7.5,-0.010860284,-0.010779994,-0.010779994,"SDR_data"
"168","8/30/2022",1,"A6","SDR_873_resp_Plate2.csv",7.5,-0.019148419,-0.019148419,-0.019477621,"SDR_data"
"169","8/30/2022",1,"C1","SDR_799_resp_Plate1.csv",7.5,-0.002531876,-0.002619961,-0.002619961,"SDR_data"
"170","8/30/2022",1,"C2","SDR_873_resp_Plate2.csv",7.5,-0.00513498,-0.005201229,-0.005201229,"SDR_data"
"171","8/30/2022",1,"C3","SDR_799_resp_Plate1.csv",7.5,-0.003694578,-0.004613564,-0.004558347,"SDR_data"
"172","8/30/2022",1,"C4","SDR_873_resp_Plate2.csv",7.5,-0.014306548,-0.014453535,-0.012087028,"SDR_data"
"173","8/30/2022",1,"C5","SDR_799_resp_Plate1.csv",7.5,-0.000541085,-0.000580184,0.003090945,"SDR_data"
"174","8/30/2022",1,"D1","SDR_873_resp_Plate2.csv",7.5,-0.00749251,-0.007027504,-0.007027504,"SDR_data"
"175","8/30/2022",1,"D2","SDR_799_resp_Plate1.csv",7.5,-0.013566306,-0.013605235,-0.013546902,"SDR_data"
"176","8/30/2022",1,"D3","SDR_873_resp_Plate2.csv",7.5,-0.004864157,-0.004983856,-0.004983856,"SDR_data"
"177","8/30/2022",1,"D4","SDR_799_resp_Plate1.csv",7.5,-0.003787937,-0.003687303,-0.003687303,"SDR_data"
"178","8/30/2022",1,"D5","SDR_873_resp_Plate2.csv",7.5,-0.017185694,-0.017185694,-0.017246155,"SDR_data"
"179","8/30/2022",1,"D6","SDR_799_resp_Plate1.csv",7.5,-0.005001851,-0.003070205,-0.003070205,"SDR_data"
"180","8/30/2022",1,"B5","SDR_799_resp_Plate1.csv",8,-0.009923548,-0.007035669,-0.007325587,"SDR_data"
"181","8/30/2022",1,"B6","SDR_799_resp_Plate1.csv",8,-0.005489189,-0.005477275,-0.00322143,"SDR_data"
"182","8/30/2022",1,"C2","SDR_799_resp_Plate1.csv",8,-0.00941719,-0.016550274,-0.016550274,"SDR_data"
"183","8/30/2022",1,"C3","SDR_873_resp_Plate2.csv",8,-0.029510682,-0.029570929,-0.029570929,"SDR_data"
"184","8/30/2022",1,"C4","SDR_799_resp_Plate1.csv",8,-0.010006954,-0.009809453,-0.009736464,"SDR_data"
"185","8/30/2022",1,"C5","SDR_873_resp_Plate2.csv",8,-0.018829413,-0.020286916,-0.019985909,"SDR_data"
"186","8/30/2022",1,"C6","SDR_799_resp_Plate1.csv",8,-0.012613015,-0.00705043,-0.006980638,"SDR_data"
"187","8/30/2022",1,"C6","SDR_873_resp_Plate2.csv",8,-0.009143455,-0.009143455,-0.008612257,"SDR_data"
"188","8/30/2022",1,"D1","SDR_799_resp_Plate1.csv",8,-0.019390433,-0.019344462,-0.019344462,"SDR_data"
"189","8/30/2022",1,"D2","SDR_873_resp_Plate2.csv",8,-0.009934109,-0.009438317,-0.009525272,"SDR_data"
"190","8/30/2022",1,"D3","SDR_799_resp_Plate1.csv",8,-0.023168735,-0.012698498,-0.012698498,"SDR_data"
"191","8/30/2022",1,"D4","SDR_873_resp_Plate2.csv",8,-0.007924568,-0.008047802,-0.008047802,"SDR_data"
"192","8/30/2022",1,"D5","SDR_799_resp_Plate1.csv",8,-0.010830104,-0.010774771,-0.010774771,"SDR_data"
"193","8/30/2022",1,"D6","SDR_873_resp_Plate2.csv",8,-0.014895286,-0.013647736,-0.013647736,"SDR_data"
"194","9/22/2022",1,"A5","SDR_873__resp_Plate2.csv",7.5,-0.003524028,-0.002516388,-0.002707293,"SDR_data"
"195","9/22/2022",1,"A6","SDR_799__resp_Plate1.csv",7.5,-0.000628317,-0.000628317,0.000988276,"SDR_data"
"196","9/22/2022",1,"B3","SDR_873__resp_Plate2.csv",7.5,-0.004385576,-0.003426287,-0.005928548,"SDR_data"
"197","9/22/2022",1,"B5","SDR_799__resp_Plate1.csv",7.5,-0.010338911,-0.012176292,-0.012176292,"SDR_data"
"198","9/22/2022",1,"B6","SDR_799__resp_Plate1.csv",7.5,-0.005508921,-0.00508104,-0.00508104,"SDR_data"
"199","9/22/2022",1,"C1","SDR_979__resp_Plate3.csv",7.5,-0.000231447,0.000140018,0.000140018,"SDR_data"
"200","9/22/2022",1,"C4","SDR_799__resp_Plate1.csv",7.5,-0.01122334,-0.010306782,-0.012284354,"SDR_data"
"201","9/22/2022",1,"C4","SDR_873__resp_Plate2.csv",7.5,-0.006956044,-0.00596443,-0.005073829,"SDR_data"
"202","9/22/2022",1,"C4","SDR_979__resp_Plate3.csv",7.5,0.002773723,0.003515939,0.0035005,"SDR_data"
"203","9/22/2022",1,"D2","SDR_979__resp_Plate3.csv",7.5,0.004833072,0.004873715,0.004908143,"SDR_data"
"204","9/22/2022",1,"D3","SDR_799__resp_Plate1.csv",7.5,-0.009024643,-0.009024643,-0.002588235,"SDR_data"
"205","9/22/2022",1,"D3","SDR_873__resp_Plate2.csv",7.5,-0.003254208,-0.003333473,-0.003406069,"SDR_data"
"206","9/22/2022",1,"D5","SDR_979__resp_Plate3.csv",7.5,0.000539598,0.000600542,0.000600542,"SDR_data"
"207","9/22/2022",1,"A2","SDR_979__resp_Plate3.csv",8,0.00331372,0.003539357,0.003539357,"SDR_data"
"208","9/22/2022",1,"A6","SDR_873__resp_Plate2.csv",8,-0.001983983,-0.001983983,-7.58e-05,"SDR_data"
"209","9/22/2022",1,"B1","SDR_979__resp_Plate3.csv",8,0.004363871,0.004237447,0.004237447,"SDR_data"
"210","9/22/2022",1,"B5","SDR_873__resp_Plate2.csv",8,-0.005094547,-0.005094547,-0.011479602,"SDR_data"
"211","9/22/2022",1,"C1","SDR_873__resp_Plate2.csv",8,-0.004304029,-0.004304029,-0.003238691,"SDR_data"
"212","9/22/2022",1,"C2","SDR_873__resp_Plate2.csv",8,-0.00333765,-0.00350655,-0.004015628,"SDR_data"
"213","9/22/2022",1,"C3","SDR_799__resp_Plate1.csv",8,-0.011409105,-0.013686636,-0.013686636,"SDR_data"
"214","9/22/2022",1,"C3","SDR_979__resp_Plate3.csv",8,0.004711231,0.004182699,0.005474519,"SDR_data"
"215","9/22/2022",1,"C5","SDR_979__resp_Plate3.csv",8,0.005308487,0.005618118,0.005618118,"SDR_data"
"216","9/22/2022",1,"D1","SDR_873__resp_Plate2.csv",8,-0.001279338,-0.000218907,-0.000218907,"SDR_data"
"217","9/22/2022",1,"D2","SDR_799__resp_Plate1.csv",8,-0.003828133,-0.004606439,-0.0050697,"SDR_data"
"218","9/22/2022",1,"D4","SDR_979__resp_Plate3.csv",8,0.003600278,0.003852865,0.003834792,"SDR_data"
"219","9/22/2022",1,"D5","SDR_799__resp_Plate1.csv",8,-0.006973235,-0.009303486,-0.009303486,"SDR_data"
